job_id,runtime,elapsed_ms
65978905164513280,pleiades+example,Finished,503
65978905168707586,pleiades+example,Finished,121
65978905168707585,pleiades+example,Finished,222
65978905172901888,pleiades+example,Finished,316
65978905172901890,pleiades+example,Finished,400
65978905177096192,pleiades+example,Finished,373
65978905168707584,pleiades+example,Finished,322
65978905172901891,pleiades+example,Finished,399
65978905172901889,pleiades+example,Finished,125
65978905177096193,pleiades+example,Finished,125
